humidity_inside,temperature_inside,co2_inside,temperature_heater,temperature_wall_inside,state_air_quality
58.94,21.955,1653,41.187,14.062,1
58.97,21.94,1665,40.937,14.062,1
57.89,22.353,1707,40.375,14.25,1
58.96,22.504,1981,40.875,14.375,1
57.74,22.515,1868,40.812,14.375,1
59.48,22.71,2076,41.062,14.562,2
59.64,22.788,2156,41.187,14.625,2
60.53,22.972,2293,40.375,14.75,2
55.58,22.005,808,42.125,14.687,0
55.47,22.078,814,41.0,14.687,0
57.09,22.534,1189,40.312,14.812,1
55.14,22.532,1090,39.0,14.937,1
54.67,22.476,1038,38.187,14.875,1
55.73,22.695,1245,38.562,14.937,1
54.49,22.458,1109,37.687,14.875,1
57.63,22.858,1413,40.312,15.062,1
58.33,23.199,1767,39.687,15.125,1
58.55,23.199,1909,40.937,15.187,1
60.99,20.332,1094,27.687,13.312,1
61.01,20.229,1032,26.812,13.187,1
62.41,20.039,1132,23.0,12.937,1
55.95,22.055,804,40.812,14.062,0
57.44,22.294,1132,40.562,14.187,1
56.64,22.537,1138,39.937,14.312,1
56.4,22.764,1236,40.812,14.437,1
56.14,22.971,1353,42.687,14.5,1
55.95,23.286,1538,43.375,14.625,1
55.91,23.397,1641,43.437,14.687,1
56.79,20.253,712,24.562,12.25,1
56.67,20.314,690,27.812,12.562,1
58.26,20.304,918,26.812,12.25,1
51.03,22.022,796,42.0,13.375,0
51.77,22.417,1015,41.187,13.5,1
52.76,22.853,1268,42.125,13.687,1
53.46,23.094,1518,42.875,13.687,1
54.4,23.196,1630,42.25,13.812,1
54.8,23.444,1885,45.375,13.875,1
55.04,23.472,2048,43.812,13.937,2
68.52,20.763,912,29.125,12.625,1
67.86,20.834,985,30.25,12.625,1
64.92,22.28,1502,46.312,13.25,1
54.88,22.507,995,44.937,13.25,0
55.34,22.986,1337,45.937,13.437,1
55.14,23.173,1493,45.5,13.5,1
56.32,23.31,1581,45.0,13.562,1
57.03,23.587,1628,47.937,13.625,1
56.19,23.524,1547,45.562,13.625,1
57.32,23.479,1587,44.125,13.625,1
62.74,20.339,1436,28.937,12.187,1
49.78,20.074,531,43.437,12.312,1
50.87,21.835,740,44.812,12.937,1
52.42,22.666,703,38.0,13.25,0
51.99,23.096,797,40.25,13.5,1
53.02,22.984,870,40.375,13.562,0
53.25,23.107,985,41.312,13.75,1
55.26,23.125,1212,42.937,13.875,1
56.24,23.341,1602,41.75,14.125,1
54.22,23.339,1356,44.062,14.187,1
58.93,20.037,925,22.562,12.187,1
58.69,20.002,905,22.875,12.125,1
47.78,20.15,490,44.312,12.75,1
47.37,22.282,592,40.812,13.437,0
48.72,22.261,564,40.687,13.437,0
49.43,22.161,553,40.812,13.437,0
49.59,22.226,535,42.062,13.562,0
49.92,22.325,532,42.437,13.687,0
50.47,22.359,538,41.625,13.687,0
51.28,22.299,536,42.625,13.75,0
62.19,19.652,776,20.187,12.312,1
62.08,19.573,757,19.875,12.312,1
57.91,18.819,514,24.5,12.5,1
55.4,21.836,754,40.687,13.75,0
55.34,21.959,749,40.125,13.937,0
55.36,22.056,732,40.625,14.0,0
55.3,22.166,725,40.875,14.125,0
55.29,22.273,713,40.062,14.25,0
56.6,22.565,836,40.375,14.437,0
56.74,22.827,1026,41.937,14.625,1
60.44,19.821,818,22.812,13.312,1
60.28,19.727,798,21.5,13.312,1
50.81,18.073,405,16.812,13.125,1
53.09,22.199,762,41.812,14.625,0
54.46,22.306,942,40.0,14.75,0
54.52,22.426,992,40.25,14.75,0
56.64,22.818,1298,39.75,14.937,1
56.39,22.624,1461,40.125,14.875,1
57.33,22.92,1729,41.75,15.062,1
57.71,23.136,2020,41.562,15.125,2
59.8,20.744,1489,25.5,13.812,1
59.77,20.634,1473,25.5,13.687,1
49.62,18.951,445,20.187,13.562,1
52.48,22.86,1029,37.937,14.875,1
50.7,23.794,1056,37.687,15.25,1
51.97,23.145,1084,37.625,15.125,1
54.7,22.337,1144,33.437,15.0,1
54.87,22.338,1252,37.375,15.125,1
56.92,22.471,1548,37.687,15.312,1
57.99,22.471,1791,37.562,15.375,1
59.1,19.988,1158,26.312,12.875,1
59.87,19.937,1257,26.125,12.687,1
53.42,18.117,776,33.937,12.5,1
46.94,22.028,821,43.687,13.75,0
48.08,22.404,1016,44.437,13.875,1
49.7,22.79,1140,43.875,13.937,1
50.36,23.146,1288,44.75,14.062,1
47.55,23.062,1338,42.187,13.75,1
49.19,23.205,1188,45.0,14.0,1
50.69,23.376,1439,45.25,14.0,1
70.71,20.334,710,29.0,12.312,1
70.9,20.302,668,28.312,12.187,1
67.73,21.642,1053,44.687,12.812,1
54.27,22.513,1076,43.25,12.875,1
53.89,22.888,1245,41.875,13.062,1
54.15,22.516,1202,41.812,12.937,1
54.5,22.788,1366,42.125,13.062,1
55.23,22.883,1533,42.312,13.187,1
55.69,22.988,1707,42.25,13.25,1
55.34,23.144,1787,42.687,13.312,1
62.25,19.238,1025,18.562,11.187,1
62.75,19.171,1090,17.875,11.125,1
48.84,17.89,420,16.687,11.062,1
52.47,21.696,915,40.75,12.375,1
52.09,21.785,990,41.437,12.5,1
51.77,22.295,1120,42.562,12.625,1
53.35,22.609,1539,43.562,12.75,1
53.52,23.001,1860,42.312,12.812,1
54.4,23.291,1868,43.437,12.875,1
55.94,23.345,2167,44.687,13.0,2
60.09,19.996,1184,24.5,11.875,1
60.0,19.957,1139,24.5,11.937,1
61.06,18.773,395,19.187,12.0,1
61.08,21.595,1078,36.437,13.562,1
60.15,21.786,1150,37.187,13.75,1
60.66,22.074,1439,37.875,13.937,1
60.51,22.262,1650,37.375,14.187,1
60.54,22.339,1749,38.25,14.312,1
60.71,22.508,1918,38.875,14.437,1
61.42,22.643,2006,39.0,14.625,2
61.63,20.271,1164,26.625,13.75,1
53.53,19.717,560,25.062,13.562,1
53.6,19.721,484,36.875,13.687,1
55.14,23.284,1386,38.687,15.0,1
56.07,23.552,1570,37.25,15.062,1
56.72,22.95,1535,38.562,15.062,1
58.69,22.969,1646,39.125,15.312,1
59.38,23.082,1947,39.625,15.437,1
59.61,23.254,2200,40.687,15.625,2
60.15,23.464,2379,40.812,15.75,2
57.19,22.327,1286,36.187,15.125,1
57.34,22.235,1337,29.25,14.875,1
57.97,19.451,1355,24.437,10.687,1
42.47,22.07,712,45.125,10.812,1
46.91,22.246,1119,45.625,11.0,1
47.14,23.025,1533,43.625,11.125,1
48.81,22.622,1740,43.875,11.0,1
48.33,22.925,1701,43.375,11.187,1
49.91,22.939,2031,46.562,11.25,2
51.41,22.706,2144,41.875,11.25,2
52.77,19.268,1316,24.625,9.312,1
39.87,17.269,438,22.125,9.312,1
42.26,19.16,564,43.625,10.125,1
44.54,22.449,1063,47.312,11.25,1
44.9,22.874,1217,46.125,11.437,1
45.59,22.961,1335,48.812,11.5,1
46.55,23.289,1537,46.687,11.625,1
46.83,23.629,1810,49.937,11.812,1
47.34,23.602,1929,46.0,11.812,1
47.96,23.712,2048,48.75,11.937,2
50.94,19.435,868,26.875,10.0,1
50.32,19.366,820,27.75,9.937,1
51.77,19.33,1099,27.0,9.875,1
44.87,21.813,717,44.562,11.375,1
43.18,22.095,776,48.0,11.5,1
45.9,22.37,1125,44.187,11.562,1
46.48,23.002,1403,47.75,11.812,1
47.19,23.041,1657,48.187,11.812,1
48.26,22.953,1903,43.312,11.812,1
53.71,23.283,2115,46.062,12.0,2
63.4,19.965,1194,30.187,10.687,1
42.24,18.652,433,38.187,9.937,1
46.1,19.493,566,41.5,10.625,1
48.52,22.513,1229,45.125,12.0,1
50.3,22.088,1339,42.5,11.937,1
49.42,22.933,1632,47.125,12.312,1
52.11,22.869,1886,44.937,12.437,1
52.64,23.292,2165,48.5,12.625,2
53.52,22.885,2174,43.75,12.562,2
54.43,23.3,2364,46.25,12.75,2
53.84,20.267,1228,30.75,11.562,1
51.27,17.992,888,21.062,10.75,1
45.03,20.511,668,43.625,11.812,1
46.62,22.619,1261,46.937,12.375,1
47.02,22.777,1377,44.375,12.312,1
48.49,22.619,1340,42.812,12.437,1
51.61,23.148,1754,46.187,12.562,1
52.23,23.123,2059,43.0,12.562,2
50.89,23.292,2086,41.937,12.562,2
51.84,23.28,2225,44.75,12.625,2
52.93,19.108,1014,23.875,9.937,1
51.89,20.942,1290,45.375,11.187,1
43.29,20.832,635,47.75,11.125,1
45.6,22.492,1028,47.937,11.75,1
46.62,22.991,1374,44.437,11.875,1
46.88,23.168,1625,45.687,12.062,1
47.93,23.264,1970,47.812,12.125,1
55.38,23.188,1956,44.75,12.125,1
58.26,23.176,2046,43.437,12.187,2
60.92,23.332,2207,47.25,12.312,2
66.88,20.237,1092,32.562,11.0,1
46.67,17.774,514,22.062,10.062,1
53.02,19.298,814,42.937,10.625,1
49.04,21.807,987,41.312,11.562,1
50.36,22.273,1192,45.812,11.875,1
50.34,22.099,1273,41.0,11.875,1
50.57,22.837,1620,46.437,12.187,1
52.13,22.692,1887,40.937,12.187,1
54.82,22.885,2240,43.312,12.375,2
56.4,22.849,2442,44.5,12.437,2
55.63,19.86,1553,31.75,11.25,1
55.65,19.939,1474,31.75,11.25,1
56.42,18.497,1168,25.312,11.0,1
52.82,22.212,1292,46.187,12.187,1
53.52,22.66,1465,45.062,12.437,1
52.81,22.769,1553,44.687,12.5,1
53.39,22.672,1701,44.25,12.5,1
54.47,22.934,2089,41.562,12.687,2
53.14,23.212,2107,44.687,12.812,2
55.42,23.023,2435,42.312,12.812,2
57.83,19.328,1552,21.375,11.187,1
61.91,19.317,1905,21.5,11.187,1
55.16,20.081,949,43.187,11.937,1
52.88,21.791,1040,41.562,12.75,1
53.99,22.512,1575,41.5,13.125,1
53.38,22.981,1819,40.937,13.312,1
53.76,22.981,2091,41.062,13.375,2
55.76,22.928,2307,40.562,13.5,2
56.29,22.74,2327,39.125,13.5,2
57.02,22.717,2512,39.687,13.5,2
52.12,21.419,717,41.687,13.125,0
51.82,21.818,728,42.687,13.312,0
56.17,22.252,1281,42.687,13.562,1
52.84,22.115,700,42.0,13.687,0
52.67,22.225,750,41.812,13.75,0
54.58,22.599,1097,41.312,13.937,1
55.33,22.948,1424,41.25,14.062,1
54.94,23.106,1552,41.125,14.125,1
54.25,23.144,1763,40.25,14.187,1
63.37,23.214,2056,40.75,14.375,2
75.25,20.538,1496,30.375,13.437,1
56.74,19.334,580,26.312,12.75,1
64.15,20.543,845,40.937,13.375,1
60.53,21.79,769,41.375,13.937,0
55.92,21.808,794,40.562,14.0,0
59.39,22.556,1278,42.812,14.312,1
62.81,22.708,1427,41.812,14.437,1
65.56,23.014,1772,41.187,14.625,1
64.43,23.086,1714,40.75,14.562,1
66.5,23.352,2052,42.0,14.75,2
72.25,19.851,996,24.062,12.625,1
71.47,19.74,1049,23.062,12.5,1
62.36,19.062,702,35.062,12.562,1
58.79,21.778,821,42.125,13.625,0
55.35,21.921,798,40.187,13.562,0
58.88,22.585,1357,41.562,13.875,1
60.17,22.713,1618,41.312,13.937,1
60.12,22.677,1638,41.375,13.937,1
59.6,22.881,1551,41.312,14.062,1
60.78,22.703,1590,41.25,14.062,1
73.47,19.826,928,21.75,12.75,1
52.92,20.712,456,38.687,13.0,1
61.45,21.027,791,41.25,13.562,0
60.14,21.776,678,41.562,14.0,0
58.76,21.976,630,41.375,14.062,0
58.68,22.424,755,40.25,14.187,0
57.68,21.942,888,37.187,14.062,0
58.81,22.26,1133,39.0,14.125,1
57.12,25.03,3430,31.875,14.5,2
61.42,23.556,3412,34.562,14.312,2
64.95,20.188,1414,24.5,12.75,1
63.06,20.261,1333,24.812,12.812,1
58.02,21.276,796,43.437,13.5,0
57.32,23.504,1661,42.437,14.187,1
58.22,23.766,2293,42.937,14.312,2
57.85,24.129,2438,42.687,14.437,2
61.44,24.451,3319,42.875,14.625,2
60.83,23.605,3191,30.687,13.75,2
52.92,27.613,5266,26.5,14.625,2
59.95,24.385,5111,30.125,13.75,2
64.62,20.011,2301,24.187,11.875,2
61.34,21.161,1982,45.25,12.687,1
55.81,20.38,810,27.562,12.0,1
60.04,23.143,2142,44.187,13.25,2
53.89,23.178,1616,43.625,13.187,1
58.58,23.963,2597,45.125,13.562,2
44.26,22.513,754,44.125,13.0,1
51.85,23.988,1520,45.812,13.625,1
52.88,24.108,1886,43.937,13.625,1
56.45,23.987,2324,44.5,13.687,2
61.44,19.611,1304,21.312,11.375,1
61.84,19.625,1443,21.687,11.312,1
51.69,18.539,663,16.687,11.125,1
50.11,21.962,1019,44.437,12.812,1
51.73,22.513,1249,45.812,13.062,1
52.32,22.719,1459,45.562,13.125,1
57.58,22.944,1746,45.312,13.312,1
59.81,23.149,2027,45.375,13.437,2
61.57,23.215,2172,44.437,13.5,2
63.28,23.322,2446,44.812,13.562,2
62.25,19.351,1166,25.062,11.187,1
46.14,17.875,472,23.0,11.062,1
55.55,17.993,875,42.437,11.062,1
52.62,22.209,1368,45.375,12.437,1
52.42,22.374,1353,45.75,12.437,1
53.11,22.618,1515,46.375,12.5,1
53.44,22.643,1611,45.375,12.562,1
54.02,22.812,1797,44.875,12.625,1
53.74,23.353,1950,48.187,12.812,1
55.25,23.131,2075,44.0,12.625,2
58.54,18.851,1144,25.312,9.875,1
61.55,18.92,1393,23.687,9.812,1
48.63,19.773,720,47.5,10.625,1
48.52,22.423,1323,44.75,11.625,1
50.39,22.339,1605,45.437,11.625,1
50.02,23.058,1734,47.937,11.937,1
50.41,23.12,1810,46.937,12.0,1
50.37,23.105,1851,47.375,12.062,1
52.05,23.504,2221,47.5,12.312,2
53.17,23.507,2403,46.75,12.25,2
55.88,20.005,1195,32.312,10.937,1
56.28,20.06,1260,33.125,10.937,1
57.97,20.257,1672,31.125,11.0,1
54.43,22.354,1516,43.687,11.875,1
54.68,22.415,1554,42.312,11.937,1
54.79,22.412,1522,41.625,12.0,1
54.57,22.523,1538,41.75,12.25,1
55.53,22.651,1738,40.062,12.437,1
53.99,22.661,1642,40.375,12.562,1
54.81,22.452,1699,40.187,12.687,1
59.1,19.992,1250,30.875,13.25,1
58.74,20.908,1445,39.5,13.625,1
57.54,21.13,1035,38.062,13.687,1
59.14,21.927,1297,38.375,14.312,1
59.64,22.116,1460,37.25,14.437,1
58.61,22.348,1576,37.562,14.625,1
58.23,22.42,1698,36.562,14.75,1
58.68,22.614,1876,38.625,14.937,1
58.59,22.593,1953,39.25,15.062,1
59.36,22.81,2218,38.937,15.187,2
57.21,20.114,794,29.312,14.0,1
56.93,21.061,1017,43.562,14.375,1
38.36,21.388,422,41.125,14.125,1
54.17,22.747,1542,42.937,14.5,1
54.29,22.973,1680,43.75,14.5,1
54.54,23.304,1924,42.812,14.625,1
53.68,23.31,1925,42.5,14.625,1
47.36,26.746,2713,43.687,14.812,2
50.4,24.1,2507,37.562,14.625,2
55.28,23.627,2861,40.937,14.75,2
58.95,19.466,1456,21.812,12.25,1
60.17,19.509,1520,21.5,12.187,1
48.32,18.857,514,41.812,12.25,1
50.51,22.069,1031,43.5,13.375,1
51.25,22.759,1381,43.812,13.5,1
54.17,23.358,2030,44.5,13.687,2
51.49,23.199,1827,43.625,13.562,1
52.12,23.347,1939,44.5,13.625,1
49.24,23.166,1638,44.125,13.562,1
53.49,23.343,2019,43.812,13.625,2
72.74,20.009,1022,30.25,12.437,1
52.71,18.483,432,24.187,11.625,1
58.07,20.573,514,43.187,12.625,1
54.93,22.13,942,46.187,13.25,0
53.52,22.443,1013,44.812,13.375,1
54.51,22.705,1296,43.375,13.437,1
53.67,22.634,1315,44.25,13.375,1
53.53,22.788,1371,43.187,13.437,1
54.41,22.919,1526,42.5,13.437,1
54.06,22.872,1586,42.125,13.375,1
59.23,19.998,739,32.437,12.187,1
49.83,17.65,426,20.875,11.5,1
53.88,20.163,695,42.312,12.312,1
45.82,20.86,468,41.25,12.562,1
50.26,22.042,880,43.312,13.062,0
51.2,22.304,1065,42.75,13.187,1
52.17,22.92,1530,44.75,13.5,1
53.24,23.137,1839,43.375,13.625,1
54.17,23.126,2084,43.062,13.625,2
54.44,23.052,2176,41.25,13.687,2
55.55,19.89,801,29.937,12.75,1
48.79,19.453,550,29.375,12.437,1
52.34,19.841,674,35.0,12.812,1
53.72,21.449,975,41.375,13.375,0
54.86,21.905,1320,41.437,13.562,1
54.77,22.377,1646,41.625,13.75,1
54.36,22.669,1813,42.687,13.937,1
54.82,22.888,2057,43.062,14.062,2
54.63,22.957,2242,43.125,14.062,2
55.77,23.159,2505,42.625,14.25,2
58.28,19.765,1611,30.625,12.562,1
58.14,20.518,1688,44.187,12.875,1
49.99,20.525,806,44.75,12.875,1
54.32,22.304,1723,42.25,13.437,1
55.53,22.315,2018,40.187,13.5,2
54.59,22.489,2088,42.875,13.562,2
54.84,22.962,2389,44.125,13.812,2
53.62,23.561,2511,41.875,13.937,2
47.83,27.517,5544,36.875,14.125,2
56.19,23.747,4891,41.312,13.937,2
57.11,19.865,1335,30.625,12.187,1
54.12,21.314,1299,49.375,12.75,1
43.9,20.128,625,31.25,12.125,1
46.12,22.885,1271,43.437,12.812,1
42.48,22.542,956,48.5,12.625,1
42.78,22.346,938,44.437,12.687,1
43.63,23.089,1174,48.25,13.0,1
44.26,23.239,1342,49.062,13.0,1
43.63,23.001,1349,47.5,12.875,1
59.56,23.302,1707,45.187,13.0,1
58.07,20.702,859,40.75,11.125,1
42.06,19.31,566,30.187,10.375,1
46.46,19.47,803,47.5,10.562,1
41.84,22.342,745,41.437,11.437,1
45.15,22.321,1113,40.75,11.437,1
46.08,22.457,1375,39.375,11.5,1
46.75,22.775,1566,47.312,11.75,1
48.04,22.392,1670,39.875,11.625,1
48.95,22.72,1912,40.937,11.812,1
50.38,22.811,2115,45.437,11.937,2
53.48,19.401,1098,29.437,10.375,1
51.52,20.864,1197,44.562,11.0,1
53.3,21.948,1472,47.437,11.375,1
53.01,22.437,1350,43.5,11.75,1
52.78,22.449,1452,43.187,11.875,1
53.13,22.588,1732,42.437,11.937,1
52.96,22.959,1919,43.562,12.125,1
53.89,22.806,2163,41.062,12.125,2
53.64,22.901,2306,43.875,12.25,2
55.51,22.795,2501,39.937,12.312,2
57.64,19.186,1428,23.625,10.75,1
48.67,18.104,485,32.562,10.75,1
52.36,20.196,964,44.25,11.812,1
54.27,22.031,1197,37.312,12.625,1
53.44,21.769,1140,39.875,12.625,1
54.24,22.119,1451,40.812,12.937,1
53.54,22.34,1571,41.437,13.125,1
54.4,22.651,1841,41.937,13.375,1
53.21,22.091,1021,41.125,13.562,1
54.23,22.428,1219,42.312,13.75,1
54.5,22.656,1518,41.125,13.875,1
52.33,22.565,1318,42.0,13.562,1
53.45,22.719,1517,42.375,13.625,1
54.22,22.749,1776,41.687,13.687,1
54.59,22.705,1820,41.312,13.625,1
53.82,23.017,1925,40.875,13.75,1
55.54,22.774,2229,40.187,13.75,2
56.73,23.064,2486,43.625,13.875,2
57.51,20.409,1593,44.562,12.75,1
50.53,21.457,1068,45.687,13.25,1
54.15,22.621,2001,45.437,13.625,2
55.53,23.542,2246,43.375,13.937,2
52.84,23.311,2394,42.5,13.812,2
48.58,22.775,1222,43.625,13.812,1
49.57,23.469,1522,47.375,14.125,1
49.86,23.412,1606,43.25,14.062,1
51.91,23.293,1865,42.75,14.062,1
52.73,23.621,2066,44.687,14.187,2
56.04,19.757,1148,23.875,11.375,1
53.86,20.971,1212,46.875,12.25,1
51.51,22.405,1465,49.312,12.687,1
43.88,23.374,1136,28.437,12.625,1
44.59,22.898,1224,31.625,12.5,1
45.13,22.947,1364,39.812,12.75,1
44.75,22.52,1139,43.625,12.75,1
54.55,22.46,1562,39.437,12.687,1
57.62,22.558,1813,35.375,12.75,1
58.79,22.959,2168,41.937,13.0,2
65.43,19.306,834,24.375,10.312,1
66.17,19.285,1084,25.125,10.25,1
68.38,19.3,1258,23.937,10.187,1
50.63,22.221,1112,46.812,11.75,1
50.75,22.686,1288,46.25,12.062,1
51.01,22.663,1414,47.25,12.125,1
48.67,22.418,1162,44.75,12.062,1
51.08,23.233,1610,46.687,12.375,1
52.53,23.278,1863,48.375,12.437,1
53.84,23.123,2036,44.437,12.437,2
55.53,19.34,906,25.062,10.687,1
46.72,18.492,451,19.625,10.687,1
45.31,19.618,509,42.687,11.375,1
48.99,22.538,1115,45.625,12.562,1
49.12,22.722,1261,48.875,12.562,1
48.87,22.808,1363,45.437,12.562,1
49.93,23.093,1637,49.062,12.75,1
50.88,22.87,1784,42.437,12.5,1
51.37,23.092,2005,44.5,12.562,2
52.0,23.262,2134,46.875,12.625,2
54.87,19.171,1174,22.437,9.812,1
40.66,18.014,395,29.75,9.75,1
45.14,20.396,673,47.562,10.875,1
46.3,22.442,1019,47.0,11.437,1
50.95,22.715,1660,49.0,11.625,1
48.68,22.917,1542,45.937,11.562,1
50.84,22.924,1643,48.312,11.562,1
52.39,22.471,1947,45.125,11.312,1
52.32,22.489,1994,37.125,11.187,1
53.07,22.527,2064,40.25,11.187,2
52.39,20.264,1046,38.187,10.375,1
45.04,19.96,638,35.187,10.125,1
49.53,20.021,666,46.5,10.5,1
42.94,21.996,675,45.187,11.437,1
43.23,22.022,750,43.937,11.437,1
43.95,22.575,965,46.937,11.75,1
46.02,22.732,1184,43.937,11.75,1
47.01,22.685,1293,43.5,11.875,1
46.27,22.811,1286,45.187,11.937,1
47.98,22.879,1554,41.187,11.875,1
52.62,20.013,1108,34.75,10.812,1
41.93,19.757,565,36.875,10.687,1
44.78,19.398,579,46.625,10.75,1
47.09,22.461,1179,44.562,11.75,1
48.67,22.619,1535,43.312,11.75,1
48.41,23.137,1782,45.625,11.937,1
49.5,23.213,2022,48.0,12.0,2
49.65,23.664,2344,44.562,12.187,2
50.71,23.577,2490,46.125,12.187,2
51.4,23.371,2674,43.812,12.125,2
53.88,19.332,1472,26.125,9.812,1
54.07,19.792,1551,43.812,10.437,1
44.25,20.67,712,47.125,10.937,1
48.43,22.671,1469,44.125,11.75,1
48.69,22.738,1556,45.937,11.75,1
47.6,22.711,1431,43.5,11.875,1
46.67,23.774,1841,47.0,12.0,1
47.64,23.214,1558,43.875,12.187,1
48.76,23.609,1912,46.375,12.375,1
50.43,23.424,2170,44.187,12.375,2
54.28,19.323,1287,25.312,10.187,1
51.56,21.156,1423,45.937,11.437,1
52.73,22.069,1658,48.062,11.75,1
53.34,22.821,1839,45.75,12.0,1
53.74,23.064,1984,44.062,12.125,1
51.62,23.025,1800,43.25,12.125,1
51.24,23.259,1904,43.625,12.25,1
53.23,23.404,1919,46.625,12.375,1
60.51,23.342,2148,45.312,12.437,2
63.02,23.445,2327,42.875,12.562,2
50.58,22.651,678,45.25,11.875,1
49.88,23.007,662,47.625,12.062,1
49.89,23.024,652,44.5,12.062,1
53.45,22.997,1622,45.0,12.187,1
53.7,23.213,1824,43.375,12.312,1
53.12,23.118,1767,43.062,12.312,1
50.53,23.21,1491,41.937,12.312,1
50.51,22.776,1227,35.25,12.187,1
53.01,22.784,1588,39.937,12.312,1
54.46,22.799,1861,38.375,12.375,1
56.28,19.551,1111,21.812,11.125,1
49.24,18.042,456,18.687,11.187,1
52.38,19.488,657,42.625,11.687,1
48.83,22.092,655,41.937,12.75,1
48.58,22.272,614,41.687,12.875,1
48.44,22.325,599,42.25,12.937,1
48.92,22.591,865,41.937,13.187,0
49.55,22.721,1113,42.0,13.312,1
51.16,22.8,1391,41.375,13.437,1
52.52,22.954,1647,41.5,13.5,1
57.17,19.957,1095,26.187,12.75,1
54.86,19.116,435,21.562,12.562,1
54.88,20.569,613,38.875,13.25,1
55.07,21.836,1037,35.625,14.125,1
58.71,22.175,1764,35.75,14.375,1
57.5,22.592,1936,36.437,14.562,1
56.4,22.294,1508,36.812,14.687,1
54.68,22.325,1032,36.437,14.812,1
55.23,22.519,1271,36.875,15.0,1
56.09,22.621,1436,36.5,15.125,1
55.76,20.335,789,24.187,14.125,1
56.36,20.365,979,23.5,14.0,1
48.91,19.055,423,27.437,13.875,1
50.98,22.083,916,38.25,14.937,0
52.11,22.404,1092,38.687,15.062,1
52.86,22.705,1330,39.437,15.125,1
53.26,22.964,1531,40.437,15.187,1
53.57,23.308,1928,39.5,15.375,1
53.99,23.456,2239,39.562,15.375,2
54.67,23.662,2606,39.187,15.437,2
75.51,20.288,1303,23.937,13.562,1
73.59,20.028,1187,24.375,13.437,1
62.49,19.42,748,36.75,13.562,1
58.91,22.385,1235,40.062,14.625,1
59.78,22.626,1478,39.75,14.75,1
59.94,22.647,1679,39.937,14.75,1
59.55,22.876,1812,41.0,14.875,1
60.25,23.08,1935,41.375,15.0,1
63.38,23.078,2102,40.5,15.0,2
65.12,23.11,2303,40.75,15.0,2
65.1,20.008,1321,22.562,12.687,1
54.17,19.765,964,22.687,12.812,1
54.58,20.193,731,41.687,13.187,1
53.5,23.234,1329,41.0,14.187,1
53.87,22.983,1389,40.937,14.062,1
54.88,22.898,1619,40.312,14.125,1
54.27,23.401,1901,41.75,14.25,1
55.32,23.385,2074,45.937,14.375,2
55.37,23.526,2302,42.187,14.375,2
56.59,23.605,2602,43.562,14.437,2
57.87,20.053,1169,25.0,12.0,1
56.3,21.189,1251,43.75,12.937,1
49.62,21.077,545,42.187,12.812,1
49.07,22.225,687,39.812,13.375,0
52.06,22.763,1139,40.625,13.625,1
52.08,23.215,1416,41.125,13.812,1
52.77,23.285,1628,41.0,13.937,1
59.85,23.379,1726,40.062,14.062,1
63.18,23.393,1939,40.187,14.125,1
64.63,23.393,2086,39.312,14.187,2
68.3,20.581,887,28.625,13.562,1
53.05,19.524,450,26.687,13.187,1
59.81,20.89,772,40.562,13.875,1
56.93,22.174,923,39.312,14.5,0
56.76,22.326,1014,39.312,14.625,1
56.94,22.562,1187,41.187,14.687,1
56.84,22.666,1225,40.125,14.75,1
56.71,22.909,1330,41.375,14.812,1
56.84,23.107,1501,40.562,14.875,1
57.17,23.118,1476,41.25,14.937,1
60.7,20.193,808,25.25,12.437,1
45.9,18.278,430,18.625,12.25,1
48.79,19.804,615,43.5,12.75,1
47.09,22.553,1055,42.687,13.625,1
49.16,22.866,1319,39.562,13.687,1
50.2,22.763,1494,40.75,13.562,1
51.05,23.029,1811,43.187,13.75,1
51.8,23.26,2140,41.687,13.75,2
52.81,23.26,2371,44.625,13.812,2
54.12,23.398,2596,42.187,13.812,2
57.18,19.862,1455,24.0,11.5,1
58.66,19.823,1487,24.625,11.5,1
57.76,18.408,528,18.0,11.5,1
52.26,21.562,904,41.812,13.062,0
52.97,22.346,1212,42.937,13.437,1
52.82,22.687,1352,42.25,13.625,1
52.68,22.673,1425,42.937,13.687,1
57.58,23.203,1701,42.875,13.812,1
60.0,23.326,1895,41.687,13.812,1
62.41,23.015,2123,41.937,13.875,2
53.51,19.774,1111,26.187,11.375,1
49.1,21.434,776,46.5,12.25,1
47.78,22.26,866,46.375,12.437,1
46.97,22.939,597,44.5,12.5,1
46.11,22.752,722,44.062,12.437,1
51.44,23.012,1558,42.5,12.562,1
48.1,22.929,1275,45.5,12.562,1
47.81,23.139,1375,43.25,12.625,1
49.97,23.421,1708,45.75,12.812,1
51.51,23.466,1964,46.25,12.812,1
54.2,19.751,1086,25.375,10.125,1
42.11,18.415,450,21.437,10.187,1
46.96,20.976,812,45.437,11.312,1
47.79,22.687,1034,47.125,11.812,1
48.59,22.809,1163,43.125,11.937,1
48.52,23.176,1366,46.5,12.125,1
49.69,22.915,1540,45.875,12.062,1
50.98,23.164,1772,44.375,12.187,1
51.11,23.371,1880,46.687,12.375,1
51.83,23.479,2172,43.125,12.312,2
55.24,19.618,1328,25.312,10.25,1
41.62,17.648,433,20.375,10.25,1
49.23,20.567,1011,45.0,11.25,1
49.07,23.225,1973,44.625,12.125,1
49.06,23.018,1872,43.125,12.062,1
49.71,23.414,2090,44.562,12.25,2
49.61,23.418,2138,47.875,12.375,2
54.93,23.334,2196,42.437,12.25,2
53.8,23.369,2374,45.562,12.375,2
53.46,23.737,2566,48.562,12.625,2
54.09,19.601,1315,29.437,10.0,1
53.5,21.479,1624,48.75,11.125,1
39.49,20.887,678,48.562,10.937,1
42.72,22.977,962,47.75,11.625,1
44.92,23.066,1131,45.125,11.562,1
46.54,23.011,1427,45.937,11.687,1
44.81,23.249,1340,48.125,11.75,1
54.6,23.346,1547,48.687,11.937,1
57.39,23.287,1716,45.312,11.875,1
60.38,23.714,1994,47.625,12.187,1
58.54,20.573,1125,37.75,10.625,1
39.77,19.331,543,29.5,10.125,1
47.96,20.558,709,45.562,10.687,1
46.32,22.727,945,47.0,11.437,1
44.42,22.624,800,43.375,11.437,1
44.88,23.257,959,48.437,11.812,1
46.48,22.922,1197,45.5,11.75,1
47.16,23.456,1460,46.187,11.937,1
48.11,23.221,1517,48.437,11.937,1
49.89,23.043,1778,43.0,11.875,1
52.18,19.218,1105,27.5,9.062,1
41.35,18.753,817,25.625,9.25,1
39.49,20.434,786,51.812,10.25,1
40.54,22.628,967,46.187,10.875,1
42.29,22.133,1082,45.562,10.75,1
39.72,22.397,970,44.25,10.75,1
41.01,22.943,1159,49.625,11.062,1
42.42,22.97,1314,47.375,11.062,1
44.56,22.915,1519,45.0,11.062,1
45.56,23.114,1742,44.812,11.187,1
50.48,18.918,1054,24.062,8.937,1
52.13,18.944,1259,23.375,8.937,1
40.66,20.044,828,50.5,10.125,1
41.24,23.624,1122,41.437,11.125,1
43.18,23.419,1282,43.625,11.187,1
44.55,22.627,1367,43.625,11.0,1
45.68,22.984,1603,45.562,11.437,1
45.05,23.08,1565,47.937,11.625,1
46.75,23.266,1898,46.437,11.812,1
47.59,23.342,2084,48.75,11.937,2
50.61,19.119,1357,36.5,9.062,1
37.25,21.731,1234,48.75,10.0,1
42.46,22.06,1173,46.937,10.312,1
46.66,22.596,1961,29.875,10.187,1
47.6,22.623,2106,37.312,10.312,2
48.24,22.557,2299,39.25,10.375,2
46.9,23.359,2362,49.062,10.875,2
47.25,23.384,2411,47.312,11.0,2
47.61,23.661,2625,45.75,11.25,2
48.41,23.804,2721,48.625,11.375,2
46.02,21.583,1228,39.812,9.937,1
48.2,21.785,1685,38.0,9.812,1
34.12,21.343,632,48.187,9.812,1
43.29,22.764,1518,29.687,10.062,1
44.24,23.131,1746,35.125,10.312,1
45.71,22.511,1785,41.812,10.375,1
47.98,22.727,2075,40.812,10.625,2
48.09,22.856,2245,42.25,10.875,2
48.07,22.837,2328,41.437,11.0,2
49.05,22.831,2469,40.687,11.062,2
41.8,23.089,913,46.437,11.125,1
44.44,23.146,1442,44.062,11.125,1
42.02,22.019,902,43.687,10.812,1
43.31,23.746,1310,47.25,11.437,1
44.51,24.037,1692,46.375,11.625,1
47.64,24.313,2364,44.062,11.687,2
48.47,24.502,2929,42.875,11.812,2
45.78,23.571,1817,42.625,11.562,1
47.4,23.759,2097,43.375,11.687,2
48.01,23.857,2288,43.5,11.75,2
49.98,19.504,1008,37.437,9.812,1
46.68,22.162,1264,48.625,11.125,1
44.81,22.368,1095,48.875,11.187,1
48.97,22.381,1563,40.812,11.25,1
48.27,22.353,1502,41.375,11.312,1
49.02,22.466,1700,41.562,11.437,1
49.64,22.416,1841,43.0,11.437,1
47.86,22.949,1742,46.812,11.75,1
48.59,23.165,1999,46.625,11.875,1
49.22,23.283,2138,47.625,12.0,2
50.51,20.005,1105,44.875,10.312,1
43.31,21.095,780,45.937,10.812,1
45.94,21.83,1113,44.937,11.125,1
44.01,21.945,851,40.75,11.0,1
45.75,22.111,1036,30.5,10.875,1
45.35,22.205,1115,42.187,11.187,1
46.72,22.144,1248,43.625,11.25,1
48.18,22.247,1540,42.437,11.312,1
54.61,22.326,1601,41.5,11.375,1
59.01,22.394,1850,38.75,11.437,1
55.58,20.069,991,48.812,10.0,1
50.69,21.964,1200,45.187,10.187,1
46.24,21.415,803,45.937,10.375,1
45.5,22.131,1011,31.937,10.625,1
42.92,22.99,944,26.562,10.875,1
45.16,22.325,1091,31.625,10.75,1
45.88,22.288,1182,45.5,11.125,1
48.05,22.193,1506,40.687,11.375,1
48.14,22.523,1614,44.062,11.687,1
49.31,22.425,1703,46.312,11.875,1
50.58,19.132,1093,25.875,9.312,1
40.66,17.194,663,17.062,9.062,1
38.68,20.066,655,43.937,10.312,1
41.65,22.345,1176,35.312,11.125,1
41.97,22.843,1249,31.812,11.25,1
42.98,22.486,1322,33.375,11.062,1
44.09,22.416,1432,43.812,11.437,1
45.84,22.557,1689,43.875,11.687,1
46.15,22.443,1752,42.875,11.875,1
47.15,22.573,1925,43.812,12.125,1
44.28,20.304,788,34.312,10.875,1
37.3,20.337,410,50.75,11.125,1
40.62,21.877,759,47.062,11.5,1
43.35,23.458,1234,50.0,11.937,1
44.79,23.365,1404,46.375,11.875,1
42.76,23.219,1202,49.187,11.937,1
44.88,23.436,1487,46.312,12.062,1
45.23,23.45,1591,45.687,12.062,1
45.99,23.452,1778,44.687,12.062,1
45.13,23.412,1409,45.875,12.187,1
44.78,20.664,999,34.25,11.562,1
42.07,22.222,744,46.125,12.187,1
46.29,22.777,1256,44.187,12.437,1
49.69,23.398,1772,37.125,12.5,1
48.75,22.995,1537,39.5,12.5,1
48.96,23.493,1771,39.875,12.75,1
49.05,23.168,1789,45.437,12.875,1
49.11,23.277,1896,42.25,12.937,1
49.09,23.534,1995,44.0,13.187,1
50.0,23.634,2136,44.062,13.25,2
49.6,19.762,995,24.125,10.375,1
47.47,21.199,1040,47.75,11.5,1
38.87,21.456,467,49.375,11.625,1
42.47,23.389,1061,42.625,12.25,1
43.3,23.273,1112,43.625,12.25,1
45.16,23.456,1263,44.062,12.5,1
47.03,23.439,1402,45.812,12.625,1
47.58,23.471,1484,47.0,12.75,1
48.62,23.819,1716,45.812,12.937,1
49.64,24.011,1866,47.375,13.187,1
46.83,21.146,934,40.625,11.375,1
45.86,22.577,1236,45.625,11.937,1
43.66,22.463,1067,44.062,11.75,1
37.8,22.298,574,35.5,11.687,1
41.63,23.316,1090,36.437,12.062,1
44.05,23.055,1432,42.187,12.375,1
44.52,22.809,1413,42.187,12.437,1
45.62,23.294,1628,44.0,12.812,1
46.35,23.088,1423,45.875,12.875,1
59.17,23.683,1692,48.25,13.25,1
60.31,20.613,748,34.75,11.562,1
55.49,21.859,1118,45.187,12.0,1
34.53,20.831,424,41.062,11.312,1
47.06,22.482,922,41.062,12.375,1
47.41,22.655,1073,41.375,12.562,1
48.26,22.617,1250,39.812,12.625,1
47.02,23.134,1413,45.562,12.875,1
45.85,22.823,1143,45.0,12.937,1
47.11,22.999,1408,46.5,13.062,1
48.59,23.08,1608,41.75,13.125,1
49.91,19.738,1006,33.5,10.5,1
50.13,21.707,1396,44.75,11.687,1
45.62,21.896,821,44.625,11.625,1
43.73,22.776,632,35.937,11.75,1
39.56,22.561,575,33.562,11.875,1
41.12,22.751,817,39.812,12.25,1
42.99,22.33,931,41.625,12.312,1
44.13,22.964,1174,43.062,12.687,1
44.86,23.254,1385,45.062,12.937,1
46.04,23.399,1527,46.0,13.062,1
46.62,19.718,712,25.312,10.5,1
46.45,19.754,711,23.625,10.437,1
47.9,21.415,1089,46.625,11.687,1
42.06,22.431,833,29.937,11.625,1
40.98,22.93,937,36.187,12.125,1
42.6,22.722,1060,40.437,12.062,1
42.53,22.551,1121,42.687,12.25,1
43.66,22.267,1229,41.812,12.187,1
41.58,22.372,1076,40.625,12.375,1
43.5,22.593,1286,41.187,12.5,1
45.53,19.513,698,28.312,10.062,1
45.66,19.514,799,36.562,10.25,1
46.37,21.889,1556,46.062,11.5,1
40.29,22.108,744,29.75,11.187,1
37.25,22.721,788,35.375,11.687,1
40.29,22.64,815,37.062,11.75,1
40.54,23.031,938,34.125,11.875,1
42.08,22.644,1109,44.125,12.062,1
42.5,23.299,1331,47.5,12.437,1
44.48,23.202,1527,47.187,12.5,1
46.49,19.516,950,23.875,10.0,1
46.35,19.446,946,23.5,9.812,1
45.56,21.921,1260,52.625,11.562,1
36.91,22.323,753,32.312,11.25,1
37.43,22.537,889,31.562,11.5,1
38.04,22.938,958,33.312,11.687,1
39.25,22.996,1149,34.312,11.812,1
38.5,22.148,1025,43.75,11.875,1
40.79,22.938,1340,42.562,12.187,1
41.81,23.219,1442,45.937,12.437,1
43.14,19.295,670,26.125,9.375,1
42.9,19.202,641,24.125,9.187,1
41.06,21.292,958,47.5,10.687,1
35.93,22.766,779,46.937,11.0,1
34.83,23.798,799,36.187,11.125,1
35.16,24.089,900,39.25,11.25,1
36.44,23.888,1027,38.25,11.187,1
38.12,22.777,1106,41.375,11.187,1
38.97,23.293,1220,48.625,11.625,1
40.01,23.284,1332,47.937,11.75,1
39.88,21.927,778,40.0,10.687,1
39.39,22.083,764,41.812,10.625,1
40.37,22.223,1049,41.937,10.5,1
38.32,22.698,966,36.25,10.375,1
36.32,22.107,864,34.187,10.25,1
36.88,22.839,987,45.437,10.687,1
36.95,22.629,1009,47.062,10.75,1
36.71,22.331,980,45.562,10.625,1
48.79,23.136,1312,48.187,11.062,1
50.77,23.126,1363,47.937,11.062,1
43.83,21.127,686,39.562,9.687,1
43.14,21.158,690,40.062,9.625,1
44.53,21.312,1033,37.437,9.562,1
41.8,23.009,1055,48.437,10.187,1
40.28,23.682,1076,39.437,10.187,1
39.14,23.271,987,49.875,10.187,1
40.96,23.127,1170,47.375,10.25,1
42.18,23.072,1389,45.375,10.312,1
42.52,23.49,1544,50.25,10.625,1
42.86,23.622,1640,49.875,10.687,1
40.05,22.061,742,45.312,9.562,1
40.08,21.927,742,42.062,9.375,1
41.77,21.938,1124,41.75,9.312,1
36.45,21.32,645,33.312,8.812,1
37.12,21.966,792,30.437,9.062,1
37.92,21.714,891,24.312,8.937,1
37.89,23.263,1165,52.25,10.062,1
39.82,23.043,1348,48.812,10.0,1
39.76,23.508,1470,51.375,10.312,1
40.54,23.812,1701,51.562,10.625,1
